Sex,First Name,Last Name,Email,Organisation,Branch,Office Phone,Office,Job Title,Trainings,,Type
Ms.,Jill,Dando,crossroads@aidiq.com,Crossroads Division,,,,Divisional Leadership,,,Staff
Mr.,John,Martins,nwohio@aidiq.com,Northwest Ohio Region,,,,,Regional Leadership,,Staff
Mr.,Jacob,Smith,jacob.smith@salvationarmy.org,Salvation Army,,,,,,salvationarmy.org,Staff
Mr.,Noah,Johnson,noah.johnson@sbc.net,Southern Baptists,,,,,,sbc.net,Staff
Mr.,Ethan,Williams,ethan.williams@redcross.org,Hancock County,,,,,,redcross.org,Staff
Mr.,Logan,Jones,logan.jones@redcross.org,American Red Cross of Northwest Ohio,,,,,,redcross.org,Staff
Mr.,William,Brown,william.brown@redcross.org,American Red Cross of Northeast Indiana,,,,,,redcross.org,Staff
Mr.,Aiden,Davis,aiden.davis@redcross.org,West Central Ohio,,,,,,redcross.org,Staff
Mr.,Michael,Miller,michael.miller@salvationarmy.org,Salvation Army,,,,,,salvationarmy.org,Staff
Mr.,Andrew,Wilson,andrew.wilson@sbc.net,Southern Baptists,,,,,,sbc.net,Staff
Mr.,Alexander,Moore,alexander.moore@redcross.org,Hancock County,,,,,,redcross.org,Staff
Mr.,James,Taylor,james.taylor@redcross.org,American Red Cross of Northwest Ohio,,,,,,redcross.org,Staff
Mr.,Joseph,Anderson,joseph.anderson@redcross.org,American Red Cross of Northeast Indiana,,,,,,redcross.org,Staff
Mr.,Benjamin,Thomas,benjamin.thomas@redcross.org,West Central Ohio,,,,,,redcross.org,Staff
Mr.,Joshua,Jackson,joshua.jackson@salvationarmy.org,Salvation Army,,,,,,salvationarmy.org,Staff
Mr.,Landon,White,landon.white@sbc.net,Southern Baptists,,,,,,sbc.net,Staff
Mr.,Jackson,Harris,jackson.harris@redcross.org,Hancock County,,,,,,redcross.org,Staff
Mr.,Mason,Martin,mason.martin@redcross.org,American Red Cross of Northwest Ohio,,,,,,redcross.org,Staff
Mr.,Anthony,Thompson,anthony.thompson@redcross.org,American Red Cross of Northeast Indiana,,,,,,redcross.org,Staff
Mr.,Gavin,Garcia,gavin.garcia@redcross.org,West Central Ohio,,,,,,redcross.org,Staff
Mr.,Tyler,Martinez,tyler.martinez@salvationarmy.org,Salvation Army,,,,,,salvationarmy.org,Staff
Mr.,Carter,Robinson,carter.robinson@sbc.net,Southern Baptists,,,,,,sbc.net,Staff
Mr.,Jayden,Clark,jayden.clark@redcross.org,Hancock County,,,,,,redcross.org,Staff
Ms.,Abigail,Bell,abigail.bell@redcross.org,American Red Cross of Northwest Ohio,,,,,,redcross.org,Staff
Ms.,Chloe,Murphy,chloe.murphy@redcross.org,American Red Cross of Northeast Indiana,,,,,,redcross.org,Staff
Ms.,Ella,Bailey,ella.bailey@redcross.org,West Central Ohio,,,,,,redcross.org,Staff
Ms.,Alexis,Rivera,alexis.rivera@salvationarmy.org,Salvation Army,,,,,,salvationarmy.org,Staff
Ms.,Emily,Cooper,emily.cooper@sbc.net,Southern Baptists,,,,,,sbc.net,Staff
Ms.,Elizabeth,Richardson,elizabeth.richardson@redcross.org,Hancock County,,,,,,redcross.org,Staff
Ms.,Lillian,Cox,lillian.cox@redcross.org,American Red Cross of Northwest Ohio,,,,,,redcross.org,Staff
Ms.,Grace,Howard,grace.howard@redcross.org,American Red Cross of Northeast Indiana,,,,,,redcross.org,Staff
Mrs.,Natalie,Ward,natalie.ward@redcross.org,West Central Ohio,,,,,,redcross.org,Staff
Mrs.,Leah,Torres,leah.torres@salvationarmy.org,Salvation Army,,,,,,salvationarmy.org,Staff
Mrs.,Taylor,Peterson,taylor.peterson@sbc.net,Southern Baptists,,,,,,sbc.net,Staff
Mrs.,Avery,Gray,avery.gray@redcross.org,Hancock County,,,,,,redcross.org,Staff
Mrs.,Lily,Ramirez,lily.ramirez@redcross.org,American Red Cross of Northwest Ohio,,,,,,redcross.org,Staff
Mrs.,Hannah,James,hannah.james@redcross.org,American Red Cross of Northeast Indiana,,,,,,redcross.org,Staff
Mrs.,Riley,Watson,riley.watson@redcross.org,West Central Ohio,,,,,,redcross.org,Staff
Mrs.,Anna,Brooks,anna.brooks@salvationarmy.org,Salvation Army,,,,,,salvationarmy.org,Staff
Mrs.,Brooklyn,Kelly,brooklyn.kelly@sbc.net,Southern Baptists,,,,,,sbc.net,Staff
Mr.,Elijah,Rodriguez,elijah.rodriguez@gmail.com,,,,,,,gmail.com,Volunteer
Mr.,Brayden,Lewis,brayden.lewis@yahoo.com,,,,,,,yahoo.com,Volunteer
Mr.,Owen,Lee,owen.lee@hotmail.com,,,,,,,hotmail.com,Volunteer
Mr.,Matthew,Walker,matthew.walker@gmail.com,,,,,,,gmail.com,Volunteer
Mr.,Evan,Hall,evan.hall@yahoo.com,,,,,,,yahoo.com,Volunteer
Mr.,Ryan,Allen,ryan.allen@hotmail.com,,,,,,,hotmail.com,Volunteer
Mr.,Nathan,Young,nathan.young@gmail.com,,,,,,,gmail.com,Volunteer
Mr.,Caleb,Hernandez,caleb.hernandez@yahoo.com,,,,,,,yahoo.com,Volunteer
Mr.,Samuel,King,samuel.king@hotmail.com,,,,,,,hotmail.com,Volunteer
Mr.,David,Wright,david.wright@gmail.com,,,,,,,gmail.com,Volunteer
Mr.,Lucas,Lopez,lucas.lopez@yahoo.com,,,,,,,yahoo.com,Volunteer
Mr.,Gabriel,Hill,gabriel.hill@hotmail.com,,,,,,,hotmail.com,Volunteer
Mr.,Christopher,Scott,christopher.scott@gmail.com,,,,,,,gmail.com,Volunteer
Mr.,Daniel,Green,daniel.green@yahoo.com,,,,,,,yahoo.com,Volunteer
Mr.,John,Adams,john.adams@hotmail.com,,,,,,,hotmail.com,Volunteer
Mr.,Nicholas,Baker,nicholas.baker@gmail.com,,,,,,,gmail.com,Volunteer
Mr.,Cameron,Gonzalez,cameron.gonzalez@yahoo.com,,,,,,,yahoo.com,Volunteer
Mr.,Liam,Nelson,liam.nelson@hotmail.com,,,,,,,hotmail.com,Volunteer
Mr.,Zachary,Carter,zachary.carter@gmail.com,,,,,,,gmail.com,Volunteer
Mr.,Austin,Mitchell,austin.mitchell@yahoo.com,,,,,,,yahoo.com,Volunteer
Mr.,Luke,Perez,luke.perez@hotmail.com,,,,,,,hotmail.com,Volunteer
Mr.,Wyatt,Roberts,wyatt.roberts@gmail.com,,,,,,,gmail.com,Volunteer
Mr.,Dylan,Turner,dylan.turner@yahoo.com,,,,,,,yahoo.com,Volunteer
Mr.,Carson,Phillips,carson.phillips@hotmail.com,,,,,,,hotmail.com,Volunteer
Mr.,Chase,Campbell,chase.campbell@gmail.com,,,,,,,gmail.com,Volunteer
Mr.,Hunter,Parker,hunter.parker@yahoo.com,,,,,,,yahoo.com,Volunteer
Mr.,Connor,Evans,connor.evans@hotmail.com,,,,,,,hotmail.com,Volunteer
Mr.,Christian,Edwards,christian.edwards@gmail.com,,,,,,,gmail.com,Volunteer
Mr.,Thomas,Collins,thomas.collins@yahoo.com,,,,,,,yahoo.com,Volunteer
Ms.,Isabella,Stewart,isabella.stewart@hotmail.com,,,,,,,hotmail.com,Volunteer
Ms.,Emma,Sanchez,emma.sanchez@gmail.com,,,,,,,gmail.com,Volunteer
Ms.,Olivia,Morris,olivia.morris@yahoo.com,,,,,,,yahoo.com,Volunteer
Ms.,Ava,Rogers,ava.rogers@hotmail.com,,,,,,,hotmail.com,Volunteer
Ms.,Madison,Reed,madison.reed@gmail.com,,,,,,,gmail.com,Volunteer
Ms.,Sophia,Cook,sophia.cook@yahoo.com,,,,,,,yahoo.com,Volunteer
Ms.,Addison,Morgan,addison.morgan@hotmail.com,,,,,,,hotmail.com,Volunteer
Mrs.,Aubrey,Sanders,aubrey.sanders@gmail.com,,,,,,,gmail.com,Volunteer
Mrs.,Nevaeh,Price,nevaeh.price@yahoo.com,,,,,,,yahoo.com,Volunteer
Mrs.,Claire,Bennett,claire.bennett@hotmail.com,,,,,,,hotmail.com,Volunteer
Mrs.,Gabriella,Wood,gabriella.wood@gmail.com,,,,,,,gmail.com,Volunteer
Mrs.,Peyton,Barnes,peyton.barnes@yahoo.com,,,,,,,yahoo.com,Volunteer
Mrs.,Hailey,Ross,hailey.ross@hotmail.com,,,,,,,hotmail.com,Volunteer
Mrs.,Alyssa,Henderson,alyssa.henderson@gmail.com,,,,,,,gmail.com,Volunteer
Mrs.,Kaylee,Coleman,kaylee.coleman@yahoo.com,,,,,,,yahoo.com,Volunteer
Mrs.,Mia,Jenkins,mia.jenkins@hotmail.com,,,,,,,hotmail.com,Volunteer
Mrs.,Sarah,Perry,sarah.perry@gmail.com,,,,,,,gmail.com,Volunteer
Mrs.,Allison,Powell,allison.powell@yahoo.com,,,,,,,yahoo.com,Volunteer
Mrs.,Layla,Long,layla.long@hotmail.com,,,,,,,hotmail.com,Volunteer
Mrs.,Lauren,Patterson,lauren.patterson@gmail.com,,,,,,,gmail.com,Volunteer
Mrs.,Brooke,Hughes,brooke.hughes@yahoo.com,,,,,,,yahoo.com,Volunteer
Mrs.,Audrey,Flores,audrey.flores@hotmail.com,,,,,,,hotmail.com,Volunteer
Mrs.,Savannah,Wilson,savannah.wilson@gmail.com,,,,,,,gmail.com,Volunteer
Mrs.,Mackenzie,Moore,mackenzie.moore@yahoo.com,,,,,,,yahoo.com,Volunteer
Mrs.,Sydney,Taylor,sydney.taylor@hotmail.com,,,,,,,hotmail.com,Volunteer
Mrs.,Morgan,Anderson,morgan.anderson@gmail.com,,,,,,,gmail.com,Volunteer
Mrs.,Madelyn,Torres,madelyn.torres@yahoo.com,,,,,,,yahoo.com,Volunteer
Mrs.,Kylie,Peterson,kylie.peterson@hotmail.com,,,,,,,hotmail.com,Volunteer
Mrs.,Payton,Gray,payton.gray@gmail.com,,,,,,,gmail.com,Volunteer
Mrs.,Autumn,Ramirez,autumn.ramirez@yahoo.com,,,,,,,yahoo.com,Volunteer
Mrs.,Julia,James,julia.james@hotmail.com,,,,,,,hotmail.com,Volunteer
Mrs.,Paige,Cox,paige.cox@hotmail.com,,,,,,,hotmail.com,Volunteer